{
    "AutoUnlock": true,
    "ActionSound": "",
    "Cards": [
        "{\n    \"UnitsInDeck\": 4,\n    \"Card\": \"scrollofdefense\"\n}",
        "{\n    \"UnitsInDeck\": 4,\n    \"Card\": \"curseofelements\"\n}",
        "{\n    \"UnitsInDeck\": 2,\n    \"Card\": \"bookworm\"\n}",
        "{\n    \"UnitsInDeck\": 2,\n    \"Card\": \"curseoffragility\"\n}",
        "{\n    \"UnitsInDeck\": 1,\n    \"Card\": \"tomeofintellect\"\n}",
        "{\n    \"UnitsInDeck\": 1,\n    \"Card\": \"elementalbolt\"\n}",
        "{\n    \"UnitsInDeck\": 1,\n    \"Card\": \"transmuterformula\"\n}"
    ],
    "ChallengePack0": "scribe",
    "ChallengePack1": "enchanter",
    "ChallengePack2": "shadowmancer",
    "ChallengePack3": "witch",
    "ChallengePack4": "sorcerer",
    "ChallengePack5": "wizard",
    "ChallengePack6": "tempest",
    "CharacterDescription": "A genius transmutation scientist, Malikir was driven mad by an extreme commitment to experimentation - regardless of the moral implications.",
    "CharacterDescriptionStrength": "This character transforms damage types",
    "CharacterName": "Malikir",
    "Energy": 1,
    "EnergyTurn": 3,
    "ExpansionCharacter": false,
    "Female": false,
    "FluffOffsetX": 0,
    "FluffOffsetY": 3.40000009536743,
    "HeroClass": "mage",
    "HeroClassSecondary": "none",
    "HitSound": "",
    "HP": 65,
    "ID": "transmuter",
    "Item": "transmutermanual",
    "MaxHP": [
        0,
        8,
        8,
        8,
        8
    ],
    "OrderInList": 0,
    "ResistSlashing": 0,
    "ResistBlunt": 0,
    "ResistPiercing": 0,
    "ResistFire": 10,
    "ResistCold": 10,
    "ResistLightning": 10,
    "ResistHoly":10,
    "ResistShadow": 10,
    "ResistMind": 10,
    "Speed": 12,
    "SpriteBorderLocked": "",
    "StickerBase": "",
    "StickerAngry": "",
    "StickerIndifferent": "",
    "StickerLove": "",
    "StickerSurprise": "",
    "StickerOffsetX": 0.0,
    "SubclassName": "Transmuter",
    "Trait0": "transmutertrait0",
    "Trait1A": "transmutertrait1a",
    "Trait1B": "transmutertrait1b",
    "Trait2A": "transmutertrait2a",
    "Trait2B": "transmutertrait2b",
    "Trait3A": "transmutertrait3a",
    "Trait3B": "transmutertrait3b",
    "Trait4A": "transmutertrait4a",
    "Trait4B": "transmutertrait4b",
    "CardsSingularity": [
        "transmuterformula",
        "bookworm",
        "scrollofspeed",
        "scrollofdefense",
        "tomeofintellect",
        "curseoffragility",
        "curseofelements",
        "scrollofintellect",
        "transmision",
        "theencyclopedia",
        "elementalbolt",
        "evocation",
        "clearinstructions",
        "librarian",
        "bookofnightmares"
    ]    
}