{
    "ActionSound": "",
    "AutoUnlock": true,
    "Cards": [
        "{\n    \"UnitsInDeck\": 2,\n    \"Card\": \"icicle\"\n}",
        "{\n    \"UnitsInDeck\": 4,\n    \"Card\": \"icebarrier\"\n}",
        "{\n    \"UnitsInDeck\": 2,\n    \"Card\": \"icyveins\"\n}",
        "{\n    \"UnitsInDeck\": 1,\n    \"Card\": \"frostnova\"\n}",
        "{\n    \"UnitsInDeck\": 4,\n    \"Card\": \"frostbolt\"\n}",
        "{\n    \"UnitsInDeck\": 1,\n    \"Card\": \"iciclebarrage\"\n}",
        "{\n    \"UnitsInDeck\": 1,\n    \"Card\": \"yetiavalanche\"\n}"
    ],
    "ChallengePack0": "cryomancer",
    "ChallengePack1": "glacier",
    "ChallengePack2": "enchanter",
    "ChallengePack3": "scribe",
    "ChallengePack4": "wizard",
    "ChallengePack5": "sorcerer",
    "ChallengePack6": "aeromancer",
    "CharacterDescription": "Drogg the Yeti is a towering brawler from the frozen highlands, wielding sheer muscle and elemental frost with equal force. Hardened by blizzards and battle, he channels Cold magic through instinct rather than study, turning his mastery of Chill into both offense and armor. Drogg’s power scales with his resilience - the more punishment he takes, the more he lashes out in freezing retaliation.",
    "CharacterDescriptionStrength": "Mage that specializes in Chill and Cold Spells",
    "CharacterName": "Drogg",
    "Energy": 1,
    "EnergyTurn": 3,
    "Female": false,
    "FluffOffsetX": 0,
    "FluffOffsetY": 3.40000009536743,
    "HeroClass": "mage",
    "HeroClassSecondary": "none",
    "HitSound": "",
    "HP": 114,
    "ID": "yeti",
    "Item": "yetiiceclub",
    "MaxHP": [
        0,
        7,
        7,
        7,
        7
    ],
    "OrderInList": 5,
    "ResistSlashing": 15,
    "ResistBlunt": 25,
    "ResistPiercing": 15,
    "ResistFire": -15,
    "ResistCold": 25,
    "ResistLightning": 0,
    "ResistHoly": 0,
    "ResistShadow": 0,
    "ResistMind": 0,
    "Speed": 11,
    "SpriteBorderLocked": "droggSilueta",
    "StickerBase": "",
    "StickerAngry": "",
    "StickerIndifferent": "",
    "StickerLove": "",
    "StickerSurprise": "",
    "StickerOffsetX": 0.100000001490116,
    "SubclassName": "Yeti",
    "Trait0": "yetitrait0",
    "Trait1A": "yetitrait1a",
    "Trait1B": "yetitrait1b",
    "Trait2A": "yetitrait2a",
    "Trait2B": "yetitrait2b",
    "Trait3A": "yetitrait3a",
    "Trait3B": "yetitrait3b",
    "Trait4A": "yetitrait4a",
    "Trait4B": "yetitrait4b",
    "CardsSingularity": [
        "yetiavalanche",
        "icicle",
        "icebarrier",
        "icyveins",
        "frostnova",
        "frostbolt",
        "iciclebarrage",
        "icelance",
        "shatter",
        "spectralcold",
        "squall",
        "rayoffrost",
        "winteriscoming",
        "manashield",
        "scrollofdefense"
    ]
}